"statistic","I","expectation","variance","p_value","mc_p_value","nsim"
"Global Moran's I",0.680498438215896,-0.00943396226415094,0.00452266544032002,5.38523220405187e-25,0.001,999
